<?xml version="1.0" encoding="UTF-8" standalone="yes"?>
<manifest>
  <control namespace="MMe2k" constructor="MarkDownViewer" version="1.2.3" display-name-key="MarkDownViewer" description-key="MarkDownViewer_Desc" control-type="standard" api-version="1.3.5">
    <property name="Content" display-name-key="Content" description-key="Content_Desc" of-type="Multiple" usage="bound" required="true"/>
    <property name="FontSize" display-name-key="Size" description-key="Size_Desc" of-type="SingleLine.Text" usage="input" required="true"/>
    <property name="Overflow" display-name-key="Overflow" description-key="Overflow_Desc" of-type="SingleLine.Text" usage="input" required="true"/>
    <property name="ContentWidth" display-name-key="ContentWidth" required="false" of-type="Decimal" usage="output"/>
    <property name="ContentHeight" display-name-key="ContentHeight" required="false" of-type="Decimal" usage="output"/>
    <property name="ContentAsHtml" display-name-key="ContentAsHtml" required="false" of-type="Multiple" usage="output"/>
    <resources>
      <code path="bundle.js" order="1"/>
    </resources>
    <built-by name="pac" version="1.34.3"/>
  </control>
</manifest>